abaisser,go down
abandonner,abandon
abasourdir,dumbfound
abattre,defeat
abdiquer,abdicate
abolir,abolish
abonder,abound
abonner,credit
aborder,address
aboutir,end
aboyer,bark
abriter,protect
abrutir,blunt
abréger,abbreviate
absenter,leave
absorber,absorb
absoudre,absolve
abstenir,abstain
abuser,abuse
abîmer,ruin
accabler,overwhelm
accalmir,reassure
accaparer,monopolize
accentuer,sharpen
accentuer,stress
accepter,accept
accidenter,injure
acclamer,acclaim
acclamer,cheer
acclimater,acclimate
accoler,place
accommoder,accommodate
accompagner,accompany
accomplir,accomplish
accomplir,fulfil
accomplir,meet
accorder,concede
accorder,grant
accoster,accost
accoupler,couple
accourir,rush over
accoutumer,accustom
accrocher,stick
accroître,accrue
accréditer,accredit
accueillir,receive
accumuler,accumulate
accuser,accuse
accuser,process
accéder,access
accélérer,accelerate
accélérer,speed
acharner,persevere
acheminer,direct
acheter,buy
achever,finish
acquiescer,acquiesce
acquitter,absolve
acquérir,acquire
acquérir,purchase
actionner,activate
actualiser,update
adapter,adapt
adapter,suit
additionner,add
adhérer,adhere
adjoindre,appoint
adjuger,adjudge
admettre,admit
admettre,concede
administrer,administer
admirer,admire
admonester,admonish
adonner,consecrate
adopter,adopt
adorer,adore
adosser,lean
adresser,direct
advenir,betide
affaiblir,weaken
affairer,agitate
affaisser,sink
affecter,affect
afficher,advertise
afficher,announce
affilier,affiliate
affirmer,affirm
affirmer,assert
affirmer,claim
affleurer,emerge
affliger,afflict
affliger,distress
affluer,trickle
affoler,madden
affrioler,charter
affronter,brave
affronter,confront
affronter,face
affréter,allure
affubler,dress
agacer,aggravate
agglutiner,agglutinate
aggraver,aggravate
agir,act
agir,perform
agir,treat
agiter,agitate
agiter,wave
agoniser,agonize
agrandir,aggrandize
agresser,attack
agréer,accept
agréger,aggregate
agrémenter,brighten
aider,help
aiguiller,switch
aiguiser,sharpen
ailler,alienate
aimer bien,prefer
aimer,love
airer,ally
ajourner,postpone
ajouter,add
ajuster,adjust
alarmer,alarm
alerter,alert
aligner,line up
aligner,range
alimenter,feed
aliéner,extend
allaiter,suckle
aller,go
allier,burden
allonger,amalgate
allouer,concede
allumer,light
alléger,lighten
alléguer,adduce
alléguer,allege
alourdir,belay
alterner,alternate
altérer,alter
amaigrir,thin
amalgamer,amble
amarrer,dwindle
amasser,amass
ambler,rouse
amender,amend
amener,bring
amenuiser,dwindle
ameuter,rouse
amnistier,amnesty
amortir,amortise
amplifier,amplify
amputer,amputate
amuser,amuse
amuser,enjoy
améliorer,get better
améliorer,improve
aménager,condition
analyser,analyse
ancrer,anchor
anesthésier,anaesthetise
angoisser,anguish
animer,encourage
animer,warm
ankyloser,stiffen
annexer,add
annoncer,advertise
annoncer,announce
annuler,cancel
anoblir,dignify
anticiper,anticipate
anéantir,annihilate
apaiser,appease
apercevoir,discern
aplanir,flatten
apostiller,apostille
apparaître,appear
apparaître,show up
apparaître,turn up
appareiller,match
apparenter,resemble
appartenir,belong
appauvrir,impoverish
appeler,call
appeler,urge
applaudir,applaud
appliquer,apply
appliquer,enforce
appointer,pay
apporter,contribute
apposer,fix
apprendre,learn
apprivoiser,appease
approcher,approximate
approfondir,deepen
approprier,appropriate
approuver,agree
approuver,approve
approuver,endorse
approvisionner,provision
apprécier,appreciate
appréhender,apprehend
apprêter,finish
appuyer sur,press
appuyer sur,push
appuyer,lean
appuyer,support
appâter,draw
arbitrer,arbitrate
architecturer,structure
archiver,file
arder,burn
argumenter,argue
armer,arm
arracher,eradicate
arranger,arrange
arranger,fix
arriver,arrive
arriver,get
arriver,occur
arriérer,delay
arriérer,slow
arrondir,round
arroser,irrigate
arrêter,arrest
arrêter,detain
arrêter,halt
arrêter,pause
arrêter,stall
arrêter,stop
articuler,articulate
aspirer,inhale
assaillir,assail
assainir,purify
assassiner,murder
assembler,amass
assener,strike
asseoir,seat
asseoir,sit
asseoir,sit down
assigner,assign
assimiler,assimilate
assister à,witness
assister,assist
assiéger,besiege
associer,associate
assombrir,darken
assommer,kill
assoupir,sleep
assourdir,deafen
assumer,assume
assurer,assure
assurer,ensure
assurer,insure
assurer,secure
attacher,bind
attacher,tie
attaquer,attack
attaquer,blast
attaquer,strike
attarder,delay
atteindre,attain
atteindre,get
atteindre,manage
atteler,stick
attendre,await
attendre,expect
attendre,hope
attendre,wait
attenter,attack
atterrir,land
attester,testify
attirer,attract
attiser,rekindle
attraper,trap
attribuer,attribute
attribuer,award
attrister,distress
atténuer,dull
auditer,audit
augmenter,boost
augmenter,increase
augmenter,raise
augmenter,rise
augurer,augur
automatiser,automate
autoriser,authorise
autoriser,empower
autoriser,entitle
avaliser,endorse
avancer,advance
avantager,favour
avarier,ruin
aventurer,adventure
avertir,warn
aveugler,bedazzle
aviser,think
avoir envie de,love
avoir envie de,want
avoir,have
avoir,have got
avorter,abort
avouer,confess
axer,focus
bagarrer,struggle
baguer,ring
baigner,bathe
baisser,go down
balancer,swing
balayer,sweep
balbutier,stutter
baller,dance
banaliser,trivialize
bander,bandage
baptiser,baptise
baptiser,dub
barrer,block
barricader,barricade
basculer,migrate
baser,base
batailler,fight
battre,beat
bavarder,blabber
besogner,labor
blaguer,joke
blanchir,bleach
blasphémer,blaspheme
blesser,injure
bloquer,block
bloquer,collapse
bluffer,bluff
blâmer,blame
boire,drink
bombarder,bomb
bomber,pump
bondir,bounce
bonifier,improve
border,abut
borner,limit
bosser,work
botter,shoe
boucher,block
boucler,crimp
bouffer,inflate
bouger,move
bouillir,boil
bouler,roll
bouleverser,disturb
bouleverser,upset
bourrer,cram
bourser,cradle
boutonner,lace
boxer,box
brancher,put
brandir,brandish
brasser,stir up
braver,brave
brider,bridle
briller,shine
briser,break
brocher,bind
broder,embroider
broncher,hesitate
bronzer,tan
brosser,brush
brouetter,bring
brûler,burn
budgétiser,budget
bâtir,build
bâtir,construct
bâtonner,cane
bénéficier,benefit
bêler,bleat
cacher,hide
cacheter,seal
cadrer,square
cailler,clabber
calciner,scorch
calculer,calculate
calculer,reckon
caler,stall
calmer,calm
camper,camp
cantonner,quarter
capturer,capture
caractériser,characterise
carboniser,carbonize
caresser,stroke
caricaturer,caricature
carrer,square
caser,place
caserner,barrack
casser,break
casser,smash
castrer,caponize
cataloguer,catalog
catastropher,shatter
causer,cause
causer,inflict
causer,originate
cautionner,endorse
caver,dig
ceindre,rim
ceinturer,girdle
celer,conceal
censurer,censor
centraliser,centralize
centrer,centre
centrer,focus
cercler,surround
certifier,certify
cesser,cease
chambrer,isolate
changer,alter
changer,capsize
changer,change
changer,shift
changer,switch
chanter,sing
chapitrer,admonish
charger,burden
charger,commission
charger,load
charmer,love
chasser,hunt
chauffer,drive
chausser,shoe
chavirer,capsize
cheminer,walk
chemiser,line
chercher à,look for
chercher,look for
chercher,search
chercher,search for
chercher,seek
chevaucher,ride
chiffrer,encipher
chiner,dye
choir,fall
choisir,choose
choisir,elect
choisir,pick
choquer,bump
choquer,crash
chorégraphier,choreograph
chuchoter,smear
chuter,fall
chérir,cuddle
cimenter,cement
circuler,circulate
cirer,polish
citer,cite
citer,quote
civiliser,civilise
clamer,clamor
clarifier,clarify
classer,classify
classifier,group
cligner,blink
cliqueter,clack
cloquer,blister
clouer,nail
clouer,pin
clôturer,corral
coaguler,clot
coffrer,lock
cogner,bang
cohabiter,cohabit
coiffer,comb
collaborer,collaborate
collecter,collect
coller,hit
coller,punch
colorer,color
colorier,crayon
combattre,combat
combiner,combine
commander,command
commencer à faire nuit,get dark
commencer,begin
commencer,commence
commencer,get started
commencer,head
commencer,start
commenter,comment
commercer,trade
commercialiser,commercialise
commettre,commit
communiquer,communicate
communiquer,get across
comparaître,appear
comparer,compare
comparer,equate
compatir,commiserate
compenser,compensate
compiler,compile
complaire,please
compliquer,complicate
compléter,complement
compléter,complete
comporter,comport
composer,compose
comprendre,comprise
comprendre,include
comprendre,understand
comprimer,compress
compromettre,engage
comptabiliser,enter
compter,count
compter,explain
concentrer,mass
concerner,involve
concerter,plan
concevoir,conceive
concilier,conciliate
conclure,conclude
concorder,agree
concourir,compete
concrétiser,concretise
condamner,condemn
condamner,convict
condamner,sentence
conditionner,condition
conduire,conduct
conduire,drive
confectionner,concoct
confier,entrust
confier,rely
confier,trust
configurer,configure
confirmer,confirm
confluer,converge
confondre,confuse
conformer,model
conforter,reinforce
confronter,confront
conférer,confer
congestionner,congest
congédier,dismiss
conjuguer,combine
connaître,know
connaître,meet
conquérir,conquer
consacrer,consecrate
consacrer,dedicate
consacrer,devote
conscientiser,sensitize
conseiller,advise
conseiller,counsel
consentir,acquiesce
conserver,conserve
considérer,consider
consigner,consign
consister,consist
consoler,comfort
consolider,consolidate
consommer,consume
constater,ascertain
constituer,constitute
construire,build
consulter,consult
consumer,consummate
contacter,contact
contaminer,pollute
contempler,contemplate
contenir,contain
contenter,cheer
contenter,gladden
conter,count
conter,explain
contester,argue
continuer,continue
continuer,go on
continuer,keep
continuer,keep on
contourner,surround
contracter,contract
contraindre,force
contrarier,antagonize
contraster,contrast
contredire,contradict
contribuer,contribute
contrôler,control
contrôler,monitor
convaincre,convince
convenir,agree
convenir,suit
converger,converge
convertir,convert
convier,invite
convoquer,set up
convoquer,summon
coopérer,cooperate
coordonner,coordinate
copier,copy
corder,twist
correspondre,correspond
corriger,correct
costumer,disguise
coter,quote
coucher,lie down
coudre,sew
couler,flow
couper,cut
coupler,match
courber,bend
courir,race
courir,run
couronner,top
courser,chase
courser,pursue
couver,hatch
couvrir,cover
coïncider,coincide
coûter,cost
craindre,fear
creuser,burrow
cribler,sift
crier,cry
crier,shout
criminaliser,criminalize
cristalliser,crystallise
critiquer,criticise
crocher,hook
croire,believe
croiser,cross
croiser,intersect
croître,grow
crypter,encrypt
créer,create
cueillir,harvest
cuire,bake
cuisiner,cook
cultiver,cultivate
cultiver,farm
cultiver,grow
céder,yield
célébrer,celebrate
daller,tile
damer,top
danser,dance
dater,date
demander,ask
demander,ask for
demander,call for
demander,request
demeurer,remain
descendre,bring down
descendre,descend
descendre,drop
descendre,get down
descendre,go down
descendre,lower
desservir,clear
dessiner,design
dessiner,draw
destiner,destine
destituer,discharge
devancer,advance
devenir,become
deviner,guess
deviner,hit
devoir,owe
diagnostiquer,diagnose
dialoguer,dialogue
dicter,dictate
diffuser,diffuse
différencier,differentiate
différer,differ
diminuer,diminish
dire au revoir,sack
dire,say
dire,tell
diriger,address
diriger,aim
diriger,conduct
diriger,direct
diriger,focus
diriger,lead
diriger,manage
discriminer,discriminate
discréditer,discredit
discuter,chat
disparaître,disappear
dispenser,dispense
disperser,disperse
disposer,have
disputer,argue
disputer,contest
dissimuler,dissemble
dissiper,dissipate
dissocier,dissociate
dissoudre,dissolve
dissuader,deter
distancer,distance
distiller,distill
distinguer,distinguish
distraire,distract
distribuer,distribute
distribuer,supply
diversifier,diversify
diviser,divide
divorcer,divorce
divulguer,spread
documenter,document
domestiquer,tame
domicilier,reside
dominer,dominate
dompter,tame
donner la priorité à,prioritise
donner,donate
donner,give
dorer,gild
dormir,sleep
doter,endow
doubler,double
douer,endow
douter,doubt
douter,hesitate
draguer,dredge
dramatiser,dramatize
dresser,raise
droguer,drug
duper,deceive
durcir,toughen
durer,last
dynamiter,blast
déballer,unpack
débarquer,disembark
débarrasser,remove
débattre,debate
débiter,sell
débloquer,unblock
débourser,disburse
débuter,debut
décaler,delay
déceler,discover
déceler,find out
déceler,unveil
décerner un prix,reward
décevoir,disappoint
décharger,discharge
décharger,download
décharger,unload
déchaîner,unchain
déchiffrer,decipher
déchirer,gash
décider,decide
déclarer,declare
déclarer,state
déclasser,discontinue
déclencher,actuate
décliner,decline
décoller,take off
décolorer,discolor
décompresser,unpack
déconcerter,baffle
décontenancer,baffle
décorer,decorate
découper,crop
découvrir,discover
découvrir,find out
découvrir,unveil
décrire,depict
décrire,describe
décréter,decree
décéder,die
dédaigner,despise
déduire,deduce
défaillir,faint
défaire,undo
défausser,rid
défavoriser,disfavor
défendre,advocate
défendre,defend
défier,challenge
défier,dare
défier,defy
défigurer,deface
défiler,parade
définir,define
dégager,free
dégrader,degrade
déguiser,disguise
déguster,taste
déjeuner,eat
délibérer,deliberate
délier,unchain
délivrer,rid
déloger,dislodge
déléguer,delegate
démanteler,dismantle
démarquer,demarcate
démentir,deny
démissionner,resign
démonter,disassemble
démontrer,demonstrate
démontrer,show
démoraliser,demoralise
dénaturer,denature
dénier,deny
dénigrer,denigrate
dénommer,denominate
dénommer,designate
dénoncer,denounce
dénoncer,report
dénoter,denote
déparer,disfigure
départir,divest
dépasser,project
dépendre,depend
dépenser,spend
dépeupler,depopulate
dépister,discover
dépister,find out
dépister,unveil
déplacer,displace
déplorer,regret
déployer,deploy
déposer,deposit
dépouiller,undress
dépourvoir,deprive
déprimer,depress
déranger,annoy
déranger,bother
dérider,smile
dériver,derive
dérober,hide
dérober,obscure
dérober,secrete
dérouler,develop
désabonner,unsubscribe
désajuster,untidy
désappointer,disappoint
désapprouver,disapprove
désarçonner,overwhelm
désavouer,disavow
déserter,desert
désespérer,exasperate
désigner,designate
désinhiber,disinhibit
désirer,wish
désobliger,offend
désoler,afflict
désordonner,disarray
désorganiser,disorganize
désorienter,disorient
déséquilibrer,unbalance
détacher,detach
détailler,detail
détecter,detect
détenir,detain
détenir,stop
déterminer,determine
déterrer,excavate
détester,detest
détraquer,ruin
détruire,destroy
dévaster,devastate
développer,develop
développer,expand
dévier,divert
dévisager,look
dévoiler,disclose
dévorer,devour
dévouer,consecrate
dîner,dine
effacer,erase
effaroucher,scare
effectuer,effect
effondrer,sink
efforcer,encourage
effrayer,frighten
effrayer,scare
emballer,pack
embarquer,embark
embarquer,ship
embarrasser,engage
embaucher,hire
embaucher,hire out
embaumer,embalm
embellir,beautify
embrasser,embrace
embrumer,fog
embuer,blur
emmener,bring
emmêler,tangle
empaqueter,package
emparer,seize
empiler,pile
empirer,get worse
empirer,worsen
employer,employ
emporter,carry
emporter,take
emporter,wear
empreindre,print
emprisonner,imprison
emprunter,borrow
empêcher,preclude
empêcher,prevent
encadrer,frame
encaisser,cash
encercler,embattle
enchanter,love
enchaîner,chain
enchérir,bid
encombrer,load
encourager,encourage
encrasser,encrust
endetter,indebt
endommager,damage
endormir,sleep
endosser,endorse
endosser,lumber with
enduire,smear
endurer,bear
enfermer,enclose
enfermer,shut
enfoncer,push
enfouir,bury
enfreindre,disobey
enfuir,escape
engager,engage
engendrer,beget
englober,encompass
engourdir,deaden
enivrer,intoxicate
enjamber,bestride
enjoindre,enjoin
enlever,pull out
enlever,remove
enlever,take away
enlever,take off
enlever,take out
ennuyer,bore
enquêter,investigate
enquêter,research
enraciner,root
enregistrer,record
enregistrer,register
enregistrer,scour
enrichir,enrich
enrouler,enroll
enrôler,coil
ensacher,sack
ensanglanter,bloody
enseigner,teach
enserrer,tighten
ensevelir,bury
entamer,initiate
entamer,pioneer
entasser,bank
entendre,feel
enter,graft
enterrer,bury
enthousiasmer,excite
entonner,intone
entortiller,wrap
entourer,surround
entraver,hinder
entraîner,train
entrecouper,intersect
entreprendre,tackle
entreprendre,undertake
entrer,come in
entrer,get in
entrer,go in
entrer,step into
entretenir,keep
entretenir,maintain
entrevoir,glimpse
envahir,invade
envelopper,wrap
envier,envy
envisager,consider
envisager,reckon
envisager,regard
envoler,fly
envoyer,forward
envoyer,send
envoyer,send in
errer,blunder
escalader,escalade
escompter,discount
escorter,escort
espacer,space
espérer,expect
espérer,hope
espérer,wait
essayer,attempt
essayer,prove
essayer,taste
essayer,test
essayer,try
essuyer,wipe
estimer,appraise
estimer,appreciate
estimer,consider
estimer,estimate
estimer,price
estimer,rate
estimer,value
exagérer,exaggerate
exalter,exalt
examiner,examine
exaspérer,aggravate
exaucer,grant
exceller,highlight
excepter,except
exciter,arouse
exclure,exclude
excuser,excuse
excéder,exceed
exempter,exempt
exercer,exercise
exercer,exert
exhaler,exhale
exhiber,exhibit
exhorter,exhort
exiger,demand
exister,exist
expirer,exhale
expliquer,explain
exploiter,explode
exploiter,exploit
explorer,explore
exploser,explode
exploser,exploit
exposer,expose
exprimer,express
exproprier,expropriate
expulser,expel
expédier,remit
extrader,extradite
extraire,extract
extrapoler,extrapolate
exécuter,execute
fabriquer,manufacture
faciliter,facilitate
facturer,invoice
faiblir,abate
faillir,fail
faire appel,appeal
faire appel,resort
faire faillite,break
faire peur,scare
faire scandale,scandalise
faire,do
faire,make
faire,make up
faire,take
familiariser,familiarize
faner,wilt
farcir,fill
fasciner,enthrall
fatiguer,bore
fausser,twist
favoriser,favour
feindre,act
fendre,cleave
fermer,close
fermer,lock
fermer,shut
fermer,shut down
ficher,nail
fidéliser,retain
figurer,feature
filmer,film
filtrer,filter
filtrer,leak
finaliser,finalize
financer,finance
financer,fund
finir,end
finir,finish
finir,round off
fixer,appoint
fixer,fix
fluctuer,fluctuate
flécher,signal
flûter,whistle
focaliser,focus
foisonner,abound
fomenter,foment
foncer,darken
fonctionner,function
fonctionner,operate
fonctionner,run
fonctionner,work
fonder,found
fondre,melt
forcer,force
forger,forge
formaliser,formalise
formater,format
former,form
formuler,formulate
fortifier,fortify
fortifier,strengthen
fouiller,excavate
fouler,step
fourmiller,swarm
fournir,afford
fournir,provide
fourrer,line
fractionner,fractionate
fragmenter,fragment
franchir,surpass
frapper,bang
frapper,coin
frapper,knock
frapper,strike
fraterniser,fraternize
frauder,cheat
fraîchir,freshen
freiner,brake
frictionner,chafe
friser,crimp
froncer,gather
frotter,rub
fructifier,fructify
frustrer,frustrate
fréquenter,associate
fréter,charter
fuir,escape
fuir,flee
fumer,smoke
fusiller,shoot
fusionner,fuse
fusionner,merge
fustiger,lampoon
fâcher,anger
féconder,impregnate
fédérer,federate
féliciter,congratulate
fêter,celebrate
gager,bet
gagner,earn
gagner,win
galvaniser,galvanize
galérer,suffer
garantir,guarantee
garder,save
garer,park
garnir,barb
geler,freeze
gerber,vomit
glacer,chill
glander,do
glisser,glide
glisser,slip
gonfler,inflate
gorger,gorge
goutter,drip
gouverner,govern
gouverner,rule
goûter,sample
grandir,get bigger
grandir,grow
gratifier,extend
gratter,scrape
graver,record
gravir,climb
graviter,orbit
griller,roast
grimper,climb
gronder,grumble
grossir,increase
grouper,assort
gréer,rig
guetter,threaten
gueuler,shout
guider,guide
guinder,sway
guérir,cure
gâcher,ruin
généraliser,generalise
générer,generate
gérer,administer
gésir,lie
gêner,bother
gêner,hamper
habiliter,enable
habiller,dress
habiter,live
habituer,accustom
hacher,hammer
halluciner,hallucinate
hanter,haunt
harasser,deplete
harasser,exhaust
harceler,harass
harmoniser,harmonise
hasarder,risk
hausser,heave
hennir,neigh
heurter,beat
hisser,hoist
homologuer,homologate
honorer,honour
hospitaliser,hospitalize
houspiller,scold
huer,jeer
huiler,oil
humilier,humble
hydrogéner,hydrogenate
hypothéquer,mortgage
hâter,hasten
héberger,house
hébéter,daze
héler,shout
hérisser,excite
hériter,inherit
hésiter,hesitate
identifier,identify
idéer,contrive
ignorer,ignore
illuminer,light
illustrer,illustrate
imaginer,figure
imaginer,imagine
imiter,imitate
immigrer,immigrate
immobiliser,immobilize
impatienter,irritate
implanter,implant
impliquer,imply
impliquer,involve
implorer,implore
implémenter,implement
importer,import
importer,matter
importer,mind
imposer,impose
impressionner,impress
impressionner,shock
imprimer,print
improviser,improvise
imprégner,impregnate
imputer,impute
inaugurer,inaugurate
incarcérer,imprison
incarner,embody
incendier,flame
incinérer,incinerate
inciser,cut
inciter,incite
inciter,prompt
incliner,bend
incliner,bow
incliner,incline
incorporer,incorporate
incriminer,incriminate
incruster,increment
incrémenter,embed
inculper,process
indemniser,indemnify
indexer,index
indigner,aggravate
indiquer,indicate
individualiser,individualize
induire,induce
industrialiser,industrialise
infliger une amende,fine
infliger,inflict
influencer,influence
influer,influence
infléchir,divert
informer,brief
informer,inform
informer,report
inhiber,inhibit
initialiser,initialize
initier,initiate
injecter,inject
injurier,belabor
innocenter,absolve
innover,innovate
inonder,drown
inonder,flood
inonder,inundate
inquiéter,upset
inscrire,enroll
insister,insist
inspecter,inspect
inspirer,inspire
installer,install
installer,set up
instaurer,set
instruire,instruct
instrumenter,instrument
insulter,insult
insérer,insert
intensifier,intensify
intenter,board
intercepter,intercept
interdire,ban
interdire,forbid
interférer,interfere
interpeller,accost
interposer,interpose
interpréter,interpret
interpréter,play
interroger,interrogate
interrompre,discontinue
interrompre,interrupt
intervenir,intervene
intervenir,take part
interviewer,interview
intimider,intimidate
intituler,entitle
intituler,title
intoxiquer,intoxicate
intriguer,intrigue
introduire,enter
introduire,introduce
intégrer,integrate
intéresser,interest
intérioriser,internalise
invalider,invalidate
inventer,invent
inventer,make up
inverser,invest
inverser,reverse
investir,invest
investir,reverse
inviter,invite
invoquer,invoke
ironiser,ironize
irriguer,irrigate
irriter,chafe
isoler,isolate
jaser,chat
jauger,gage
jeter,cast
jeter,launch
jeter,sling
jeter,throw
joindre,attach
joindre,enclose
joindre,joint
joncher,cover
jouer,act
jouer,perform
jouer,play
jouir,climax
juger,judge
juguler,stem
jumeler,arrange
jurer,swear
jurer,vow
justifier,justify
kidnapper,kidnap
lainer,tease
laisser,allow
laisser,give up
laisser,leave
laisser,lend
laisser,let
lancer,launch
lapider,pelt
laver,wash
lester,ballast
lever,erect
lever,raise
libeller,draft
libéraliser,liberalise
libérer,discharge
libérer,free
libérer,release
licencier,fire
licencier,sack
lier,relate
lier,tie
limiter,confine
limiter,limit
liquider,clear
lire,read
lister,list
livrer,deliver
livrer,hand
livrer,rid
livrer,submit
localiser,locate
localiser,trace
loger,billet
loger,lodge
louer,lease
louer,praise
louer,rent
luire,gleam
lutter,fight
lutter,struggle
léguer,bequeath
léser,prejudice
machiner,scheme
maigrir,slim
maintenir,keep
maintenir,maintain
maltraiter,mistreat
mandater,delegate
manger,eat
manger,lunch
manier,handle
manier,operate
manifester,manifest
manipuler,manipulate
manoeuvrer,maneuver
manquer à,breach
manquer à,break
manquer,be missing
maquiller,embellish
marcher,walk
marier,marry
marquer,mark
marquer,score
marteler,strike
masquer,mask
mastiquer,chew
matcher,contest
matérialiser,materialise
maudire,curse
maugréer,complain
maximiser,maximize
menacer,loom
mendier,beget
mener à terme,carry out
mener,carry
mener,take
mener,wear
mentionner,mention
mentir,lie
mesurer,measure
mettre en boule,bank
mettre en oeuvre,set up
mettre en place,set up
mettre à jour,update
mettre,lay
mettre,put
mettre,set
meurtrir,bruise
militer,militate
miner,mine
minimiser,understate
mirer,look
miser,bet
mitrailler,fire
mobiliser,mobilize
modeler,mold
moderniser,modernize
modifier,modify
modérer,moderate
mollir,mollify
monter,climb
monter,get on
monter,go up
monter,mount
monter,ride
monter,set up
montrer,display
montrer,show
moquer,mock
mordre,bite
motiver,motivate
moudre,grind
mouiller,anchor
mouler,mold
mourir,die
mouvoir,move
mouvoir,shift
muer,mold
multiplier,multiply
munir,cater
murmurer,mutter
murmurer,whisper
museler,muzzle
mâcher,chew
méconnaître,ignore
mécontenter,disgruntle
médailler,decorate
méditer,meditate
mélanger,mix
mémoriser,memorize
ménager,handle
mépriser,despise
mériter,deserve
mériter,merit
métrer,measure
mêler,mix
nager,swim
napper,cover
narrer,narrate
naufrager,sink
naviguer,sail
naître,be born
neiger,snow
nettoyer,clean
neutraliser,neutralise
nicher,nest
nier,deny
niveler,level
nombrer,enumerate
nominer,nominate
nommer,appoint
nommer,name
normaliser,normalise
noter,note
notifier,notify
nourrir,feed
nourrir,nourish
noyer,drown
nuancer,qualify
nuire,prejudice
numériser,digitize
nécessiter,need
négocier,negotiate
objecter,object
obliger,bind
obliger,compel
obliger,force
obscurcir,darken
obscurcir,get dark
observer,observe
obséder,obsess
obtenir,gain
obtenir,obtain
obéir,obey
occasionner,cause
occuper,occupy
octroyer,award
oeuvrer,strive
offenser,affront
officialiser,formalize
offrir,offer
oindre,anoint
ombrager,shade
ombrer,shade
omettre,fail
ondoyer,wave
opiner,think
opposer,oppose
opter,opt
opérer,operate
orchestrer,orchestrate
ordonner,order
ordonner,sort
organiser,organise
orienter,angle
orner,adorn
osciller,oscillate
oser,venture
oublier,forget
oublier,forget about
outrer,outrage
ouvrer,plough
ouvrir,open
ouïr,feel
oxyder,oxidize
palper,feel
parachever,finish
parader,parade
paralyser,paralyse
parapher,sign
paraître,appear
parcourir,travel across
parcourir,visit
pardonner,forgive
parer,adorn
parfumer,flavor
parier,bet
parler,discuss
parler,speak
parler,talk
parrainer,support
parsemer,intersperse
partager,share
participer,participate
participer,take part
partir,get along
partir,get off
partir,leave
partir,split
parvenir,arrive
passer,happen
passer,pass
passer,spend
passionner,enthrall
patiner,skate
patrouiller,patrol
payer en espèces,pay cash
payer en liquide,pay cash
payer,pay
paître,graze
peigner,comb
peindre,colour
peindre,paint
peiner,labor
peinturer,paint
pencher,slant
pendre,hang
penser,think
percer,drill
percevoir,collect
percevoir,perceive
perdre,lose
perdre,miss
perdurer,endure
perfectionner,perfect
permettre de,allow
permettre,allow
permettre,permit
permuter,permutate
perpétrer,perpetrate
persister,persist
persistir,persist
persuader,persuade
persécuter,persecute
perturber,disturb
perturber,perturb
peser,weigh
peupler,populate
philosopher,philosophize
photocopier,photocopy
photographier,photograph
phraser,phrase
piger,understand
piller,plunder
piloter,drive
piquer,puncture
pirater,pirate
pister,track
pivoter,pivot
placer,dispose
placer,place
placer,position
placer,situate
plaider,defend
plaindre,pity
plaire,enjoy
plaire,fancy
plaire,like
plaisanter,joke
planer,plan
planifier,schedule
planter,plant
pleurer,cry
pleurer,weep
pleuvoir,rain
pleuvoir,shower
plier,bend
plomber,seal
plonger,submerge
plumer,pluck
poignarder,stab
pointer,aim
policer,civilise
pomper,inhale
pondérer,balance
porter,carry
porter,take
porter,wear
portraire,portray
poser,pose
poser,state
positionner,position
posséder,own
posséder,possess
pourchasser,chase
pourchasser,pursue
poursuivre,continue
poursuivre,sue
pourvoir,cater
pousser,push
pousser,thrust
pratiquer,practice
pratiquer,practise
prendre en otage,kidnap
prendre la relève de,relieve
prendre,catch
prendre,get
prendre,grasp
prendre,pick up
prendre,reach for
prendre,seize
prendre,take
prescrire,prescribe
pressentir,foresee
presser,hasten
pressurer,press
prier de,pray
prier,pray
primer,prevail
priver,deprive
privilégier,privilege
proclamer,proclaim
procurer,procure
procéder,proceed
prodiguer,waste
produire,produce
profaner,desecrate
professer,profess
profiler,outline
profiter de,take advantage of
profiter,benefit
proférer,utter
progresser,progress
projeter,project
promener,stroll
promettre,pledge
promettre,promise
promouvoir,promote
promulguer,promulgate
prononcer,pronounce
propager,propagate
proposer,propose
proscrire,disallow
protester,protest
protéger,back
protéger,protect
prouver,test
prouver,try
provenir,originate
provoquer,cause
provoquer,provoke
provoquer,trigger
précipiter,precipitate
préciser,need
préciser,specify
préconiser,advocate
précéder,precede
préférer,prefer
prélever,extract
préoccuper,concern
préparer,prepare
préparer,prime
présager,predict
présenter,feature
présenter,introduce
présenter,present
préserver,preserve
présider,chair
présumer,boast
prétendre,intend
prétendre,pretend
prévenir,prevent
prévoir,foresee
préétablir,pre-establish
prêcher,preach
prêter,loan
prôner,recommend
publier,issue
publier,publish
puer,stink
punir,punish
purger,purge
pénétrer,penetrate
périr,perish
pétrir,knead
quadriller,surround
qualifier,describe
qualifier,zone
quantifier,quantify
quereller,quarrel
questionner,query
quitter,abandon
quérir,look for
raccorder,link
raccourcir,shorten
racheter,repurchase
raconter,count
raconter,explain
radicaliser,radicalize
radoucir,smooth
radoucir,soften
rafistoler,botch
rafraîchir,refresh
raidir,pull
raidir,strain
raire,bellow
raisonner,reason
ralentir,decelerate
rallier,gather
ramasser,collect
ramasser,pick
ramasser,pick up
ramener,bring
ramer,row
ranger,order
ranimer,reanimate
ranimer,revive
rapatrier,reconcile
rappeler,recall
rappeler,remember
rappeler,remind
rapporter,inform
rapporter,refer
rapporter,review
rapprocher,re-approach
raréfier,rarefy
raser,shave
rassembler,gather
rassurer,reassure
rasséréner,reassure
rater,lose
rater,miss
ratifier,ratify
rationaliser,rationalize
rationner,ration
rattacher,tie
rattraper,recapture
ravager,shatter
ravir,love
rayer,line
rayer,scratch
rayer,stripe
rayonner,radiate
rebaptiser,rename
recalculer,recalculate
recapturer,re-capture
recevoir,get
recevoir,receive
rechercher,investigate
rechercher,research
recommander,recommend
recommencer,resume
reconnaître,acknowledge
reconnaître,recognise
recouvrer,collect
recouvrir,cover
recruter,draft
recruter,hire
rectifier,correct
recueillir,collect
recueillir,pick up
reculer,retreat
recycler,recycle
redescendre,go down
redistribuer,redistribute
redonner,re-give
redoubler,repeat
redouter,fear
redresser,correct
redéfinir,redefine
refaire,redo
refléter,reflect
reformuler,restate
refroidir,cool
refréner,curb
refuser,refuse
regagner,recover
regarder,glance
regarder,look
regarder,watch
regretter,regret
regrouper,group
rehausser,enhance
rejeter,dismiss
rejeter,refuse
rejoindre,take
rejouer,replay
relancer,boost
relater,relate
relever,raise
relier,connect
reloger,rehouse
relâcher,drop
relâcher,release
relâcher,slacken
remanier,adapt
remarquer,observe
remarquer,remark
remarquer,sense
rembourser,refund
rembrunir,darken
remercier,appreciate
remettre en question,question
remettre,put
remonter,trace back
remorquer,haul
remplacer,replace
remplir,crowd
remplir,fill
remplir,fill up
remporter,attain
remporter,reach
remédier,remedy
renaître,reappear
rencontrer,find
rendre visite,visit
rendre,give back
rendre,return
rendre,send back
renfermer,shut
renforcer,reinforce
renoncer,resign
renouer,restart
renouveler,renew
rentrer,fit
rentrer,return
renverser,shed
renverser,spill
renvoyer,fire
renégocier,renegotiate
reparaître,reappear
repartir,leave
repasser,iron
repenser,rethink
reperdre,lose
reperdre,miss
replacer,replace
replier,refold
reporter,postpone
reposer,rest
repousser,refuse
reprendre,restart
reprocher,reproach
reproduire,play
reproduire,reproduce
représenter,figure
représenter,represent
repérer,spot
requérir,require
respecter,respect
respirer,breathe
responsabiliser,hold responsible
ressembler,look
ressembler,look like
ressembler,seem
ressentir,feel
ressortir,stand out
ressusciter,resurrect
restaurer,restore
rester,be left
rester,remain
rester,stay
restituer,refund
restreindre,restrict
restructurer,restructure
retarder,delay
retenir,retain
retentir,echo
retirer,recall
retirer,remove
retirer,withdraw
retomber,lapse
retoucher,retouch
retourner,go back
retraire,withdraw
retraiter,reprocess
retrancher,subtract
retransmettre,relay
retrouver,find
revaloriser,upgrade
revendiquer,claim
revendre,resell
revenir,come back
revenir,get back
revenir,go back
reviser,review
revivre,revive
revoir,revise
revoter,re-vote
revêtir,clothe
rider,crease
ridiculiser,ridicule
rigoler,kid
riposter,retort
rire,laugh
risquer,risk
river,clinch
rogner,crop
rompre,break
ronger,gnaw
rosser,beat
roter,belch
rouler,film
rouler,go
rouler,roll
router,route
rouvrir,reopen
ruiner,ruin
ruminer,ponder
râler,groan
réactiver,reactivate
réaffirmer,restate
réagir,react
réaliser,realise
réapproprier,re-appropriate
réclamer,claim
réclamer,demand
récolter,harvest
récupérer,recover
récupérer,recuperate
récupérer,retrieve
rédiger,draft
réduire,reduce
réfléchir,meditate
réformer,reform
réfugier,protect
référencer,label
régir,govern
réglementer,regulate
régler,credit
régler,regulate
régner,reign
régulariser,regularize
réhabiliter,rehabilitate
réincorporer,reincorporate
réinitialiser,reset
réintégrer,reinstate
réinvestir,reinvest
réitérer,reiterate
réjouir,gladden
réléguer,relegate
rémunérer,pay back
réorganiser,reorganise
répandre,express
réparer,repair
répartir,deliver
répliquer,retort
répondre,answer
répondre,attend
répondre,reply
réprimer,bridle
répugner,disgust
répugner,revolt
répéter,echo
répéter,repeat
réserver,book
réserver,reserve
résider,reside
résilier,terminate
résister,bear
résister,hold
résister,resist
résister,stand
résonner,echo
résoudre,resolve
résoudre,settle
résoudre,solve
résulter,result
résulter,turn out
résumer,summarize
rétablir,reinstate
rétribuer,pay
rétrocéder,retrocede
réunir,assemble
réunir,bring together
réunir,gather
réussir,achieve
réussir,get
réussir,get hold of
réussir,manage
réutiliser,reuse
réveiller,arouse
réveiller,awake
réveiller,awaken
réveiller,wake
réveiller,wake up
réviser,review
révolter,appal
révoquer,reverse
révoquer,revoke
révéler,disclose
révéler,reveal
rééditer,reedit
réélire,reelect
rêver,dream
rôder,prowl
rôtir,roast
sabrer,cut
sacrer,swear
sacrifier,sacrifice
saigner,bleed
saillir,project
saisir,impound
saisir,take
saler,cure
salir,befoul
saliver,water
saluer,greet
sanctionner,sanction
satisfaire,satisfy
saturer,saturate
saurer,smoke
sauter,jump
sauter,leap
sauter,spring
sauvegarder,save
sauver,rescue
sauver,save
savoir,know
scanner,scan
sceller,seal
scier,saw
scinder,split
scruter,examine
seconder,second
secouer,rock
secouer,shake
secourir,assist
sembler,appear
sembler,look
sembler,look like
sembler,seem
semer,seed
sensibiliser,sensitise
sentir,be sorry
sentir,feel
serrer,tighten
servir,serve
siffler,whistle
signaler,point
signaler,signal
signer,sign
signifier,mean
sillonner,ridge
simplifier,simplify
simuler,simulate
singer,imitate
situer,situate
skier,ski
soigner,cure
soigner,take care
solder,clear
solliciter,apply for
solliciter,request
solliciter,solicit
sommer,order
songer,dream
sonner,sound
sortir,come out
sortir,exit
sortir,get out
sortir,go out
sortir,work out
soucier,concern
souffler,blow
souffrir,suffer
souhaiter,desire
souhaiter,wish
souiller,soil
soulager,ease
soulager,relieve
soulever,raise
souligner,highlight
souligner,underline
soumettre,subject
souper,dine
soupçonner,suspect
sourire,smile
sous-traiter,subcontract
soussigner,sign
soustraire,subtract
soutenir,lean
soutenir,support
soutenir,sustain
soutirer,lug
souvenir,remember
souvenir,remind
sponsoriser,sponsor
spécialiser,specialise
spécifier,specify
stabiliser,stabilize
standardiser,standardise
statuer,decide
stigmatiser,stigmatize
stimuler,boost
stimuler,stimulate
stocker,store
structurer,structure
stupéfier,amaze
subir,suffer
subroger,subrogate
subsister,exist
substituer,substitute
subventionner,subsidise
succomber,succumb
sucer,blow
suer,sweat
suffire,suffice
suffoquer,choke
suggérer,suggest
suivre,follow
suivre,track
superposer,superimpose
supplier,beg
supplier,pray
supporter,abide
supporter,cope
supporter,cope with
supposer,assume
supposer,suppose
supprimer,suppress
supputer,assess
supputer,value
surcharger,overcharge
surfer,browse
surgir,arise
surmonter,surpass
surnommer,nickname
surpasser,exceed
surpasser,surpass
surprendre,surprise
surveiller,look after
surveiller,watch
survenir,emerge
survivre,survive
susciter,evoke
suspecter,suspect
suspendre,suspend
symboliser,symbolise
synchroniser,synchronize
synthétiser,synthesize
sécher,dry
séduire,seduce
sélecter,select
sélectionner,select
séparer,part
séparer,separate
sérier,classify
tacher,mark
tacheter,speckle
tailler,cut
taire,mute
taper,hit
tapir,hide
tapisser,overlay
tarder,take
tasser,compress
taxer,appraise
teindre,dye
teinter,dye
tempérer,temper
tempêter,bluster
tendre,extend
tenir,attach
tenir,keep
tenir,maintain
tenter,tempt
tenter,try
terminer,finish
terrasser,dig
terrer,bury
tester,verify
timbrer,postmark
tirer sur,fire
tirer sur,shoot
tirer,fire
tituber,lurch
toiletter,clean
tolérer,tolerate
tomber,drop
tomber,fall
tomber,fall down
tondre,shear
tonner,thunder
torcher,clean
tordre,curve
tordre,twist
torturer,torture
toucher,charge
toucher,play
toucher,tap
toucher,touch
tourmenter,torment
tourner,spin
tourner,turn
tousser,cough
tracasser,concern
tracer,trace
traduire,translate
trahir,betray
traire,milk
traiter,deal
traiter,deal with
traiter,treat
trancher,cut
tranquilliser,reassure
transformer,transform
transférer,transfer
transir,cut
transiter,transit
transmettre,convey
transmettre,transmit
transporter,carry
transvaser,decant
traquer,stalk
travailler,work
traverser,cross
traverser,get across
traîner,drag
trembler,shiver
trembler,tremble
tremper,chill
tresser,braid
trinquer,offer
triompher,triumph
tripler,triple
tromper,cheat
tromper,deceive
tromper,dupe
tronquer,truncate
troquer,change
troubler,agitate
trouver,come across
trouver,encounter
trouver,find
trébucher,trip
tuer,kill
typer,characterise
tâcher,treat
télécharger,download
télécharger,unload
téléphoner,phone
téléphoner,telephone
téléviser,televise
témoigner,attest
témoigner,testify
unifier,unify
unir,join
unir,unite
user,use
utiliser,use
vagabonder,meander
vaguer,wander
vaincre,overcome
vaincre,win
valider,validate
valoir,be worth
valoir,cost
valoriser,upgrade
vanter,extol
varier,range
varier,vary
vaticiner,foreshadow
veiller,care
vendre aux enchères,auction
vendre,sell
venger,avenge
venir,come
vernir,varnish
verser,dump
verser,pour
verser,throw
verser,tip
vexer,vex
vibrer,shiver
vider,clear
vieillir,age
violer,break
viser à,pretend
viser,aim
viser,note down
viser,point
viser,prompt
viser,target
visiter,tour
visiter,visit
visualiser,visualise
vivre,live
vociférer,vociferate
voiler,blanket
voir,see
voir,view
voiturer,transport
voler,blast
voler,fly
voler,steal
vomir,vomit
voter,vote
vouer,consecrate
vouloir,love
vouloir,want
voyager,travel
véhiculer,convey
véhiculer,transport
vénérer,venerate
vérifier,check
vérifier,check out
vêtir,dress
y avoir,there is
ébaucher,outline
éberluer,surprise
éblouir,dazzle
ébranler,shake
écarquiller,open
écarter,separate
échanger,exchange
échapper,escape
échauffer,heat
échauffer,warm
échouer,break down
éclabousser,splatter
éclaircir,clarify
éclaircir,clear
éclairer,light
éclater,burst
éclater,pop
écoeurer,appall
éconduire,refuse
économiser,disgust
écorcher,economize
écouler,flow
écouter,hear
écouter,listen
écraser,crush
écrier,exclaim
écrire,type
écrire,write
écrouler,abrade
écumer,collapse
éditer,edit
édulcorer,combine
édulcorer,edulcorate
éduquer,educate
égaler,equalise
égaliser,equal
égarer,misplace
égayer,gladden
élaborer,elaborate
élancer,dash
élargir,broaden
élargir,enlarge
élargir,expand
élever,elevate
éliminer,delete
éliminer,eliminate
élire,choose
éloigner,remove
élucider,elucidate
éluder,evade
émailler,enamel
émaner,emanate
émerger,emerge
émerger,surface
émettre,issue
émigrer,emigrate
émigrer,migrate
émouvoir,thrill
énerver,unnerve
énumérer,enumerate
épanouir,open
épargner,save
épargner,spare
épicer,season
épier,spy
épouvanter,scare
éprouver,experience
éprouver,undergo
épuiser,deplete
épurer,debug
équilibrer,balance
équiper,equip
équiper,instrument
équivaloir,equal
éradiquer,eradicate
éreinter,exhaust
ériger,raise
établir,establish
étager,stagger
étalager,expose
étaler,extend
étayer,support
éteindre,turn off
étendre,extend
étendre,spread
étendre,stretch
étioler,blanch
étoffer,line
étoiler,cluster
étonner,surprise
étouffer,suffocate
étourdir,daze
étreindre,tighten
étrenner,première
étudier,study
étudier,transact
évacuer,evacuate
évaluer,assess
évaluer,evaluate
évaluer,mark
évaluer,score
éveiller,wake up
éventer,air
évider,hollow
éviter,avoid
évoluer,evolve
évoquer,evoke
être,stand
être,be
